,HP,Attack,Defense,Sp. Atk,Sp. Def,Speed,Generation,Swag
HP,1.0,0.5123999696139206,0.33680573667707314,0.4130551832810605,0.4043691876345265,0.2101210140133395,0.09047279930154957,-0.07469676751506003
Attack,0.5123999696139206,1.0,0.4595175980512075,0.3936749975803306,0.2921504226104198,0.3812397392410901,0.05145133670846967,-0.06872885030554157
Defense,0.33680573667707314,0.4595175980512075,1.0,0.264148497299027,0.5078679998004215,0.05478508186541849,0.06309530162126133,-0.03475634114287875
Sp. Atk,0.4130551832810605,0.3936749975803306,0.264148497299027,1.0,0.5300729745699291,0.47153054454105986,0.03957557386936804,-0.09248909853178416
Sp. Def,0.4043691876345265,0.2921504226104198,0.5078679998004215,0.5300729745699291,1.0,0.288198522661083,0.03156601113907394,-0.03947004468905769
Speed,0.2101210140133395,0.3812397392410901,0.05478508186541849,0.47153054454105986,0.288198522661083,1.0,-0.023121060425896966,0.006384593474958615
Generation,0.09047279930154957,0.05145133670846967,0.06309530162126133,0.03957557386936804,0.03156601113907394,-0.023121060425896966,1.0,0.05029340192490323
Swag,-0.07469676751506003,-0.06872885030554157,-0.03475634114287875,-0.09248909853178416,-0.03947004468905769,0.006384593474958615,0.05029340192490323,1.0
