,HP,Attack,Defense,Sp. Atk,Sp. Def,Speed,Generation,Swag
HP,549.337977680986,389.80030854779415,228.81823690753575,316.1834500435463,254.0917901344591,143.11725230366085,3.522762752268463,-14.026745668768815
Attack,389.80030854779415,1053.4805991864832,432.32142801548815,417.313418995271,254.22166287390775,359.5953973717146,2.7743132040050056,-17.872596564651147
Defense,228.81823690753575,432.32142801548815,840.2000158868019,250.06374590578645,394.6707647387062,46.14836799906136,3.0383228449624524,-8.071619782543163
Sp. Atk,316.1834500435463,417.313418995271,250.06374590578645,1066.651358628824,464.13003459164446,447.53166113461606,2.1472569748480996,-24.201210771717154
Sp. Def,254.0917901344591,254.22166287390775,394.6707647387062,464.13003459164446,718.7626983461051,224.53663246796137,1.4059116387365527,-8.478044375273063
Speed,143.11725230366085,359.5953973717146,46.14836799906136,447.53166113461606,224.53663246796137,844.5111326658321,-1.1162359198998737,1.4865216587140344
Generation,3.522762752268463,2.7743132040050056,3.0383228449624524,2.1472569748480996,1.4059116387365527,-1.1162359198998737,2.75988579474343,0.6694094987875471
Swag,-14.026745668768815,-17.872596564651147,-8.071619782543163,-24.201210771717154,-8.478044375273063,1.4865216587140344,0.6694094987875471,64.19047717640093
