,Kiekis (Eilučių sk.),Trūkstamos reikšmės %,Kardinalumas,Minimali reikšmė,Maksimali reikšmė,1-asis kvartilis,3-iasis kvartilis,Vidurkis,Mediana,Standartinis nuokrypis
HP,800,0.0,94,1,255,50.0,80.0,69.25875,65.0,25.53466903233207
Attack,800,0.0,111,5,190,55.0,100.0,79.00125,75.0,32.45736586949845
Defense,800,0.0,103,5,230,50.0,90.0,73.8425,70.0,31.183500559332934
Sp. Atk,800,0.125,105,10.0,194.0,49.5,95.0,72.74843554443054,65.0,32.68008590054048
Sp. Def,800,0.25,91,20.0,230.0,50.0,90.0,72.0,70.0,27.795227197418
Speed,800,0.0,108,5,180,45.0,90.0,68.2775,65.0,29.060473717161464
Generation,800,0.0,6,1,6,2.0,5.0,3.32375,3.0,1.6612904004849451
Swag,800,0.0,245,286.6,341.8,300.475,312.5,306.02412499999997,304.2,8.111373092836315
